{
  "acceptability_score": 0.4551869958639145,
  "brand_score": 0.5,
  "artifact_score": 0.3879674896597862,
  "brand_method": "fallback"
}