{
  "acceptability_score": 0.43308019936084746,
  "brand_score": 0.5,
  "artifact_score": 0.3327004984021187,
  "brand_method": "fallback"
}